id,date_created,Userid
1,2020-11-04 10:21:56,74
2,2019-11-29 21:57:32,33
3,2020-12-05 04:39:02,94
4,2019-12-07 15:17:00,87
5,2020-12-01 17:21:48,8
6,2019-07-20 09:47:18,47
7,2020-12-14 05:26:07,82
8,2018-12-15 19:48:32,85
9,2020-12-12 13:12:11,16
10,2020-12-14 09:01:53,8
11,2020-08-22 18:59:56,74
12,2020-08-27 03:58:51,6
13,2019-12-08 05:11:38,87
14,2019-08-03 05:14:34,97
15,2020-10-13 11:15:16,8
16,2018-07-02 22:10:25,40
17,2019-10-24 11:40:14,37
18,2019-11-27 01:58:54,59
19,2020-10-19 19:03:54,16
20,2020-11-03 04:25:44,8
21,2020-11-03 19:09:05,4
22,2019-12-08 01:15:05,33
23,2019-03-30 02:06:10,49
24,2019-12-12 12:15:22,1
25,2020-12-20 22:42:37,8
26,2020-09-14 02:11:01,52
27,2019-08-18 05:23:12,71
28,2020-11-23 13:11:44,64
29,2018-10-06 12:32:00,30
30,2020-12-12 09:35:58,8
31,2018-11-22 09:36:49,35
32,2020-11-25 11:42:58,4
33,2020-11-13 15:02:09,18
34,2018-09-03 01:13:49,55
35,2020-10-23 02:07:26,8
36,2020-12-26 06:52:29,24
37,2019-12-24 15:29:15,37
38,2019-12-04 21:16:13,43
39,2020-08-21 15:17:17,98
40,2020-11-25 00:27:59,8
41,2020-12-28 14:40:02,24
42,2019-11-07 09:25:33,47
43,2019-04-04 21:32:01,61
44,2019-09-07 11:17:57,69
45,2020-11-10 18:32:09,8
46,2019-07-26 16:39:29,29
47,2020-11-24 12:44:03,12
48,2019-11-30 08:49:09,33
49,2020-12-26 01:05:26,46
50,2020-11-01 13:28:57,8
51,2020-11-02 02:43:00,88
52,2020-11-05 11:55:32,6
53,2020-11-19 14:40:50,14
54,2019-09-19 19:57:35,7
55,2020-10-17 18:25:52,8
56,2018-12-03 13:58:57,45
57,2020-10-14 11:48:51,26
58,2020-12-01 23:14:07,76
59,2020-12-03 09:32:39,14
60,2020-11-15 15:15:34,8
61,2019-10-31 17:36:00,63
62,2019-05-20 21:22:28,13
63,2019-11-15 17:30:40,93
64,2020-09-09 19:13:44,32
65,2020-11-27 08:15:45,8
66,2020-11-05 16:09:00,42
67,2019-11-08 02:55:08,87
68,2020-07-15 14:34:50,46
69,2020-12-16 22:18:27,22
70,2020-10-27 20:45:07,8
71,2018-11-30 12:27:26,35
72,2019-08-15 06:13:28,89
73,2020-11-19 04:25:45,76
74,2018-11-07 10:24:54,55
75,2020-10-06 22:46:40,8
76,2020-10-19 15:02:59,74
77,2020-09-27 08:22:48,54
78,2019-11-06 17:01:08,51
79,2018-10-10 13:19:07,50
80,2020-10-07 17:30:43,8
81,2020-11-22 20:36:10,98
82,2019-09-23 02:31:15,13
83,2020-11-22 04:44:29,4
84,2020-12-16 14:50:40,78
85,2020-11-09 23:12:26,8
86,2019-10-11 01:37:51,57
87,2018-09-14 06:50:55,90
88,2020-09-26 20:33:49,36
89,2019-11-05 17:51:07,7
90,2020-11-09 20:35:16,8
91,2018-11-24 20:16:53,25
92,2020-10-03 15:45:15,8
93,2019-11-11 22:45:40,29
94,2020-11-12 16:07:03,94
95,2020-10-24 17:13:37,8
96,2020-09-16 08:13:44,86
97,2020-11-08 09:52:28,16
98,2018-10-25 08:09:03,50
99,2020-03-16 16:02:22,26
100,2020-12-20 05:29:02,8
101,2019-11-19 11:44:21,1
102,2020-02-07 08:55:57,88
103,2020-05-19 15:23:51,58
104,2020-11-26 23:59:35,64
105,2020-11-20 04:20:43,8
106,2018-12-20 01:37:47,20
107,2019-09-24 00:20:10,51
108,2019-05-15 02:58:12,83
109,2019-12-13 21:05:33,37
110,2020-10-23 06:49:59,8
111,2018-11-19 18:38:41,25
112,2019-06-17 15:29:59,29
113,2019-10-15 03:45:55,37
114,2018-12-17 15:33:25,85
115,2020-11-27 21:20:35,8
116,2019-08-30 04:33:39,69
117,2020-07-20 16:17:18,58
118,2018-11-29 20:23:38,35
119,2020-10-23 00:16:19,44
120,2020-11-03 11:24:43,8
121,2020-12-18 04:06:19,72
122,2020-08-09 22:46:05,52
123,2019-11-20 10:45:14,51
124,2019-10-14 13:08:20,63
125,2020-11-13 18:00:24,8
126,2019-12-12 14:18:45,1
127,2019-12-24 01:37:39,19
128,2020-12-19 23:43:20,14
129,2019-11-16 03:05:29,63
130,2020-12-20 02:51:01,8
131,2018-07-15 21:56:55,60
132,2020-04-15 03:12:25,88
133,2018-11-25 01:40:46,70
134,2019-11-25 15:27:12,97
135,2020-12-20 07:37:02,8
136,2020-10-04 23:04:57,76
137,2020-08-15 19:48:31,26
138,2019-11-27 18:33:44,67
139,2019-10-30 12:29:10,39
140,2020-10-15 10:17:10,8
141,2018-08-26 02:50:07,30
142,2020-10-17 04:54:30,84
143,2018-09-19 06:01:21,65
144,2018-11-28 11:02:38,70
145,2020-11-10 04:52:01,8
146,2020-10-18 20:43:50,72
147,2020-11-04 12:59:31,26
148,2018-08-11 06:59:24,50
149,2018-08-02 02:10:58,15
150,2021-05-01 21:17:10,8
151,2021-05-24 14:09:06,74
152,2021-05-21 10:35:21,94
153,2021-05-19 10:02:23,16
154,2021-05-19 03:29:08,12
155,2021-05-10 16:49:20,8
156,2021-05-22 23:13:49,82
157,2021-05-23 07:16:39,39
158,2021-05-09 04:01:56,59
159,2021-05-19 18:44:14,60
160,2021-05-23 06:20:04,8
161,2021-05-13 01:44:43,98
162,2021-05-15 00:22:44,48
163,2021-05-12 06:24:38,60
164,2021-05-14 15:28:44,31
165,2021-05-23 06:27:23,8
166,2021-05-17 16:10:29,46
167,2021-05-08 20:03:03,9
168,2021-05-17 19:28:40,60
169,2021-05-15 05:53:51,47
170,2021-05-10 16:22:07,8
171,2021-05-24 18:47:51,61
172,2021-05-11 09:13:25,15
173,2021-05-20 00:01:36,62
174,2021-05-04 19:14:57,91
175,2021-05-06 21:22:49,8
176,2021-05-11 04:46:41,48
177,2021-05-01 08:26:57,24
178,2021-05-04 08:40:42,96
179,2021-05-10 18:42:54,96
180,2021-05-23 06:21:54,8
181,2021-05-06 11:38:12,91
182,2021-05-11 18:17:14,48
183,2021-05-05 07:49:50,6
184,2021-05-05 17:34:11,10
185,2021-05-18 01:01:45,8
186,2021-05-18 16:21:39,70
187,2021-05-09 21:06:35,92
188,2021-05-10 08:57:19,42
189,2021-05-10 01:28:46,51
190,2021-05-05 02:39:38,8
191,2021-05-23 17:51:33,46
192,2021-05-14 03:14:41,50
193,2021-05-10 11:25:57,34
194,2021-05-10 09:37:04,32
195,2021-05-05 10:21:44,8
196,2021-05-03 20:15:16,73
197,2021-05-10 23:04:29,28
198,2021-05-19 22:08:53,19
199,2021-05-12 01:24:11,86
200,2021-05-12 18:12:19,8
201,2021-05-01 04:18:53,18
202,2021-05-14 07:37:03,26
203,2021-05-02 14:22:44,80
204,2021-05-11 05:45:49,60
205,2021-05-14 18:18:03,8
206,2021-05-09 07:50:30,72
207,2021-05-20 18:25:54,93
208,2021-05-01 23:23:03,73
209,2021-05-05 10:21:36,84
210,2021-05-20 22:05:07,8
211,2021-05-13 22:52:10,95
212,2021-05-04 05:15:39,48
213,2021-05-05 04:38:24,52
214,2021-05-16 14:27:26,41
215,2021-05-04 12:06:41,8
216,2021-05-06 16:45:10,16
217,2021-05-08 06:55:03,73
218,2021-05-14 04:59:00,74
219,2021-05-07 14:12:24,82
220,2021-05-16 06:38:41,8
221,2021-05-09 04:54:35,41
222,2021-05-09 19:31:29,55
223,2021-05-08 02:53:13,77
224,2021-05-17 10:08:08,4
225,2021-05-23 18:10:12,8
226,2021-05-23 07:40:51,6
227,2021-05-01 08:46:50,54
228,2021-05-23 05:52:40,55
229,2021-05-23 03:47:58,48
230,2021-05-01 01:24:30,8
231,2021-05-10 17:31:29,7
232,2021-05-18 04:03:21,37
233,2021-05-16 17:44:33,54
234,2021-05-02 08:13:04,87
235,2021-05-11 11:20:16,8
236,2021-05-11 12:04:51,21
237,2021-05-16 06:07:26,4
238,2021-05-14 20:48:38,38
239,2021-05-10 23:30:01,92
240,2021-05-01 01:31:38,8
241,2021-05-22 09:03:25,45
242,2021-05-11 12:42:10,15
243,2021-05-09 08:22:39,84
244,2021-05-07 02:18:18,30
245,2021-05-05 06:35:15,8
246,2021-05-14 16:58:34,26
247,2021-05-16 10:46:09,50
248,2021-05-03 23:14:46,48
249,2021-05-18 20:21:46,42
250,2021-05-11 05:00:47,8
251,2021-05-19 17:22:33,68
252,2021-05-20 22:13:55,90
253,2021-05-20 00:28:36,65
254,2021-05-14 21:37:26,73
255,2021-05-09 12:13:14,8
256,2021-05-01 15:48:32,56
257,2021-05-02 04:38:15,15
258,2021-05-20 01:54:34,22
259,2021-05-19 06:21:02,51
260,2021-05-14 03:08:12,8
261,2021-05-19 02:22:39,59
262,2021-05-10 09:55:40,58
263,2021-05-08 14:56:10,43
264,2021-05-17 10:03:52,87
265,2021-05-10 07:05:05,8
266,2021-05-07 03:44:02,16
267,2021-05-23 08:33:21,12
268,2021-05-02 19:22:44,58
269,2021-05-04 09:58:15,76
270,2021-05-12 07:24:55,8
271,2021-05-14 16:55:55,5
272,2021-05-07 18:07:18,29
273,2021-05-03 04:01:28,87
274,2021-05-14 00:08:53,11
275,2021-05-06 16:04:32,8
276,2021-05-09 13:44:05,58
277,2021-05-13 15:43:06,23
278,2021-05-12 12:58:42,64
279,2021-05-20 09:07:25,51
280,2021-05-09 15:30:25,8
281,2021-05-07 05:45:10,24
282,2021-05-18 16:09:51,87
283,2021-05-02 13:17:06,24
284,2021-05-14 01:53:50,10
285,2021-05-15 08:05:39,8
286,2021-05-17 19:24:45,1
287,2021-05-16 21:58:05,47
288,2021-05-23 06:38:50,57
289,2021-05-02 11:27:47,10
290,2021-05-13 04:33:27,8
291,2021-05-08 17:12:58,75
292,2021-05-22 14:48:41,98
293,2021-05-05 10:00:00,65
294,2021-05-14 06:39:32,61
295,2021-05-02 07:59:43,8
296,2021-05-01 00:40:02,35
297,2021-05-20 08:00:38,78
298,2021-05-08 15:09:13,34
299,2021-05-09 18:00:24,34
300,2021-05-20 18:03:07,8
